id;profile_picture;description;rating;job_postings;job_completions
1;productivity;Florida solution-oriented;innovative;31889;12548
2;Books unleash Reunion;Steel Producer;Legacy Gloves Small Concrete Soap;60507;47542
3;Maryland firmware Rhode Island;monitor bus Profit-focused;turquoise bluetooth Alabama;23869;12513
4;vortals throughput optimize;District Tasty gold;Cross-group Soap;32353;73106
5;Diverse navigating;Mountain Fantastic Fantastic;hacking;81611;23153
6;architect withdrawal Buckinghamshire;pink Canyon;Home Loan Account Table;1587;10465
7;Granite Indiana;quantifying Row Checking Account;overriding Licensed Frozen Sausages;76778;57168
8;Profit-focused AI;Customer;multi-byte Avon mobile;59835;42534
9;Personal Loan Account cross-platform;Washington invoice 1080p;Future Norfolk Island e-commerce;79920;26967
10;Applications;Botswana Marketing Money Market Account;Avon Michigan;16707;53367
